<?xml version='1.0'?>
<module>
<exporttime>2014-04-03 13:18:40</exporttime>
<name>Dailyreports</name>
<label>Dailyreports</label>
<parent>Sales</parent>
<version>2.6</version>
<dependencies>
<vtiger_version>6.0.0</vtiger_version>
<vtiger_max_version>6.*</vtiger_max_version>
</dependencies>
<migrations>
	<migration version='1.0'>
	</migration>
</migrations>
<tables>
<table>
<name>vtiger_dailyreports</name>
<sql><![CDATA[CREATE TABLE `vtiger_dailyreports` (
  `dailyreportsid` int(11) DEFAULT NULL,
  `dailyreportsname` varchar(100) DEFAULT NULL,
  `dailyreportsstatus` varchar(100) DEFAULT NULL,
  `dailyreportscomment` varchar(250) DEFAULT NULL,
  `reportsdate` date DEFAULT NULL,
  `reports_to_id` int(19) DEFAULT NULL,
  `reportsterm` varchar(100) DEFAULT NULL,
  PRIMARY KEY (`dailyreportsid`)
) ENGINE=InnoDB DEFAULT CHARSET=utf8]]></sql>
</table>
<table>
<name>vtiger_dailyreportscf</name>
<sql><![CDATA[CREATE TABLE `vtiger_dailyreportscf` (
  `dailyreportsid` int(11) NOT NULL,
  PRIMARY KEY (`dailyreportsid`)
) ENGINE=InnoDB DEFAULT CHARSET=utf8]]></sql>
</table>
</tables>
<blocks>
<block>
<label>LBL_DAYILYREPORTS_INFORMATION</label>
<fields>
<field>
<fieldname>DailyreportsName</fieldname>
<uitype>2</uitype>
<columnname>dailyreportsname</columnname>
<tablename>vtiger_dailyreports</tablename>
<generatedtype>1</generatedtype>
<fieldlabel>DailyreportsName</fieldlabel>
<readonly>1</readonly>
<presence>2</presence>
<defaultvalue></defaultvalue>
<sequence>1</sequence>
<maximumlength>100</maximumlength>
<typeofdata>V~M</typeofdata>
<quickcreate>1</quickcreate>
<quickcreatesequence></quickcreatesequence>
<displaytype>1</displaytype>
<info_type>BAS</info_type>
<helpinfo><![CDATA[]]></helpinfo>
<masseditable>1</masseditable>
<entityidentifier>
<entityidfield>dailyreportsid</entityidfield>
<entityidcolumn>dailyreportsid</entityidcolumn>
</entityidentifier>
</field>
<field>
<fieldname>dailyreportsstatus</fieldname>
<uitype>15</uitype>
<columnname>dailyreportsstatus</columnname>
<tablename>vtiger_dailyreports</tablename>
<generatedtype>1</generatedtype>
<fieldlabel>DailyreportsStatus</fieldlabel>
<readonly>1</readonly>
<presence>2</presence>
<defaultvalue>Approval</defaultvalue>
<sequence>2</sequence>
<maximumlength>100</maximumlength>
<typeofdata>V~O</typeofdata>
<quickcreate>1</quickcreate>
<quickcreatesequence></quickcreatesequence>
<displaytype>1</displaytype>
<info_type>BAS</info_type>
<helpinfo><![CDATA[]]></helpinfo>
<masseditable>1</masseditable>
<picklistvalues>
<picklistvalue>Approval</picklistvalue>
<picklistvalue>Submit</picklistvalue>
</picklistvalues>
</field>
<field>
<fieldname>DailyreportsComment</fieldname>
<uitype>21</uitype>
<columnname>dailyreportscomment</columnname>
<tablename>vtiger_dailyreports</tablename>
<generatedtype>1</generatedtype>
<fieldlabel>DailyreportsComment</fieldlabel>
<readonly>1</readonly>
<presence>2</presence>
<defaultvalue></defaultvalue>
<sequence>3</sequence>
<maximumlength>100</maximumlength>
<typeofdata>V~O</typeofdata>
<quickcreate>1</quickcreate>
<quickcreatesequence></quickcreatesequence>
<displaytype>1</displaytype>
<info_type>BAS</info_type>
<helpinfo><![CDATA[]]></helpinfo>
<masseditable>1</masseditable>
</field>
<field>
<fieldname>ReportsDate</fieldname>
<uitype>23</uitype>
<columnname>reportsdate</columnname>
<tablename>vtiger_dailyreports</tablename>
<generatedtype>1</generatedtype>
<fieldlabel>ReportsDate</fieldlabel>
<readonly>1</readonly>
<presence>2</presence>
<defaultvalue></defaultvalue>
<sequence>4</sequence>
<maximumlength>100</maximumlength>
<typeofdata>D~M</typeofdata>
<quickcreate>1</quickcreate>
<quickcreatesequence></quickcreatesequence>
<displaytype>1</displaytype>
<info_type>BAS</info_type>
<helpinfo><![CDATA[]]></helpinfo>
<masseditable>1</masseditable>
</field>
<field>
<fieldname>reports_to_id</fieldname>
<uitype>53</uitype>
<columnname>reports_to_id</columnname>
<tablename>vtiger_dailyreports</tablename>
<generatedtype>1</generatedtype>
<fieldlabel>Send To User</fieldlabel>
<readonly>1</readonly>
<presence>2</presence>
<defaultvalue></defaultvalue>
<sequence>5</sequence>
<maximumlength>100</maximumlength>
<typeofdata>V~M</typeofdata>
<quickcreate>1</quickcreate>
<quickcreatesequence></quickcreatesequence>
<displaytype>1</displaytype>
<info_type>BAS</info_type>
<helpinfo><![CDATA[]]></helpinfo>
<masseditable>1</masseditable>
</field>
<field>
<fieldname>assigned_user_id</fieldname>
<uitype>53</uitype>
<columnname>smownerid</columnname>
<tablename>vtiger_crmentity</tablename>
<generatedtype>1</generatedtype>
<fieldlabel>Assigned To</fieldlabel>
<readonly>1</readonly>
<presence>2</presence>
<defaultvalue></defaultvalue>
<sequence>6</sequence>
<maximumlength>100</maximumlength>
<typeofdata>V~M</typeofdata>
<quickcreate>1</quickcreate>
<quickcreatesequence></quickcreatesequence>
<displaytype>1</displaytype>
<info_type>BAS</info_type>
<helpinfo><![CDATA[]]></helpinfo>
<masseditable>1</masseditable>
</field>
<field>
<fieldname>createdtime</fieldname>
<uitype>70</uitype>
<columnname>createdtime</columnname>
<tablename>vtiger_crmentity</tablename>
<generatedtype>1</generatedtype>
<fieldlabel>Created Time</fieldlabel>
<readonly>1</readonly>
<presence>2</presence>
<defaultvalue></defaultvalue>
<sequence>7</sequence>
<maximumlength>100</maximumlength>
<typeofdata>T~O</typeofdata>
<quickcreate>1</quickcreate>
<quickcreatesequence></quickcreatesequence>
<displaytype>2</displaytype>
<info_type>BAS</info_type>
<helpinfo><![CDATA[]]></helpinfo>
<masseditable>1</masseditable>
</field>
<field>
<fieldname>modifiedtime</fieldname>
<uitype>70</uitype>
<columnname>modifiedtime</columnname>
<tablename>vtiger_crmentity</tablename>
<generatedtype>1</generatedtype>
<fieldlabel>Modified Time</fieldlabel>
<readonly>1</readonly>
<presence>2</presence>
<defaultvalue></defaultvalue>
<sequence>8</sequence>
<maximumlength>100</maximumlength>
<typeofdata>T~O</typeofdata>
<quickcreate>1</quickcreate>
<quickcreatesequence></quickcreatesequence>
<displaytype>2</displaytype>
<info_type>BAS</info_type>
<helpinfo><![CDATA[]]></helpinfo>
<masseditable>1</masseditable>
</field>
<field>
<fieldname>reportsterm</fieldname>
<uitype>15</uitype>
<columnname>reportsterm</columnname>
<tablename>vtiger_dailyreports</tablename>
<generatedtype>1</generatedtype>
<fieldlabel>reportsterm</fieldlabel>
<readonly>1</readonly>
<presence>0</presence>
<defaultvalue>Day</defaultvalue>
<sequence>9</sequence>
<maximumlength>100</maximumlength>
<typeofdata>V~O</typeofdata>
<quickcreate>1</quickcreate>
<quickcreatesequence></quickcreatesequence>
<displaytype>1</displaytype>
<info_type>BAS</info_type>
<helpinfo><![CDATA[]]></helpinfo>
<masseditable>1</masseditable>
<picklistvalues>
<picklistvalue>Day</picklistvalue>
<picklistvalue>Week</picklistvalue>
</picklistvalues>
</field>
</fields>
</block>
</blocks>
<customviews>
<customview>
<viewname>All</viewname>
<setdefault>true</setdefault>
<setmetrics>false</setmetrics>
<fields>
<field>
<fieldname>DailyreportsName</fieldname>
<columnindex>0</columnindex>
</field>
<field>
<fieldname>dailyreportsstatus</fieldname>
<columnindex>1</columnindex>
</field>
<field>
<fieldname>ReportsDate</fieldname>
<columnindex>2</columnindex>
</field>
<field>
<fieldname>assigned_user_id</fieldname>
<columnindex>3</columnindex>
</field>
<field>
<fieldname>reports_to_id</fieldname>
<columnindex>4</columnindex>
</field>
</fields>
</customview>
</customviews>
<sharingaccess>
<default>public_readwritedelete</default>
</sharingaccess>
<actions>
<action>
<name><![CDATA[Import]]></name>
<status>disabled</status>
</action>
<action>
<name><![CDATA[Export]]></name>
<status>disabled</status>
</action>
<action>
<name><![CDATA[DuplicatesHandling]]></name>
<status>disabled</status>
</action>
</actions>
<relatedlists>
<relatedlist>
<function>get_activities</function>
<label>Activity History</label>
<sequence>1</sequence>
<presence>0</presence>
<actions>
</actions>
<relatedmodule>Calendar</relatedmodule>
</relatedlist>
</relatedlists>
<crons>
</crons>
</module>
